id_transaccion,id_producto,cantidad,fecha
1,101,2.0,2026-06-29
2,108,5.0,2026-05-20
3,107,3.0,2026-02-27
4,105,4.0,2026-06-24
5,105,3.0,2026-03-31
6, 103 ,2.0,2026-04-01
7,101,4.0,2026-03-20
8,107,5.0,2026-01-26
9,103,2.0,2026-06-18
10,101,4.0,2026-01-03
11,106,,2026-02-01
12,110,4.0,2026-02-11
13,108,4.0,2026-02-20
14,108,3.0,2026-01-24
15,108,4.0,2026-01-04
16,108,2.0,2026-05-02
17,106,1.0,2026-06-24
18,104 ,1.0,2026-01-22
19,109,3.0,2026-02-23
20,105,5.0,2026-04-02
21,106,1.0,2026-06-16
22,104,3.0,2026-05-05
23,102,4.0,2026-05-18
24,110,2.0,2026-04-15
25,108,4.0,2026-03-17
26,107,2.0,
27,105,5.0,2026-06-05
28,109,3.0,2026-05-25
29,106,3.0,2026-01-05
30,105,1.0,2026-05-09
31,105,0.0,2026-01-16
32,103,5.0,2026-05-14
33,101,1.0,2026-05-29
34,106,4.0,2026-01-24
35,109,3.0,2026-03-20
36,101,4.0,2026-01-23
37,109,4.0,2026-04-13
38,109,3.0,2026-06-16
39,103,2.0,2026-01-15
40,107,4.0,2026-03-13
41,102,1.0,2026-06-25
42,108,3.0,2026-02-24
43, 101,1.0,2026-01-24
44,104,4.0,2026-03-29
45,101,4.0,2026-04-02
46,110,1.0,2026-04-30
47,105,4.0,2026-02-26
48,109,3.0,2026-06-22
49,107,4.0,2026-04-04
50,108,1.0,2026-02-21
51,108,1.0,2026-06-22
52,102,3.0,2026-06-16
53,104,1.0,2026-03-31
54,105,2.0,2026-01-05
55,105,4.0,2026-04-18
56,101,1.0,2026-04-10
57,106,4.0,2026-01-27
58,102,1.0,2026-04-25
59,108,1.0,2026-06-01
60,107,3.0,2026-01-20
61,,4.0,2026-05-11
62,,1.0,2026-01-26
63,104,2.0,2026-05-15
64,110,5.0,2026-03-17
65,105,5.0,2026-01-02
66,104,3.0,2026-06-23
67,110,3.0,2026-01-30
68,104,2.0,2026-04-18
69,101,4.0,2026-02-02
70,105,3.0,2026-06-17
71,108,2.0,2026-05-13
72,102,1.0,2026-05-25
73,105,1.0,2026-03-19
74,102,5.0,2026-03-26
75,107,3.0,2026-04-25
76,999,3.0,2026-05-22
77,104,3.0,2026-06-02
78,103,4.0,2026-01-04
79,106,1.0,2026-04-30
80,107,1.0,2026-01-20
81,110,2.0,2026-02-21
82,105,3.0,2026-05-30
83,102,4.0,2026-02-15
84,109,3.0,2026-05-24
85,107,3.0,2026-03-25
86,108,5.0,2026-02-11
87,101,1.0,2026-03-02
88,104,3.0,2026-04-06
89,108,,2026-05-18
90,109,3.0,2026-04-20
91,105,5.0,2026-06-17
92,109,2.0,2026-06-06
93,109,5.0,2026-05-16
94,104,2.0,2026-04-19
95,109,3.0,2026-02-22
96,103,3.0,2026-03-16
97,103,5.0,2026-01-22
98,107,3.0,2026-03-09
99,107,2.0,2026-06-16
100,102,1.0,
101,109,2.0,2026-01-21
102,102,5.0,2026-04-28
103,109,1.0,2026-06-23
104,101,5.0,2026-06-06
105,108,3.0,2026-02-19
106,108,1.0,2026-03-23
107,108,2.0,2026-04-06
108,107,3.0,2026-02-14
109,105,2.0,2026-02-18
110,108,1.0,2026-02-12
111,103,4.0,2026-06-29
112,108,4.0,2026-05-15
113,106,1.0,2026-06-01
114,105,2.0,2026-05-27
115,106,2.0,2026-06-22
116,106,4.0,2026-01-19
117,101,4.0,2026-06-08
118,102,4.0,2026-01-12
119,103,5.0,2026-03-27
120,102,4.0,2026-04-17
121,105,-2.0,2026-03-06
122,107,1.0,2026-01-27
123,107,4.0,2026-02-04
124,105,5.0,2026-05-29
125,109,5.0,2026-02-27
126,106,2.0,2026-02-25
127,101,2.0,2026-06-16
128,108,1.0,2026-01-26
129,106,1.0,2026-06-14
130,107,3.0,2026-06-15
131,106,3.0,2026-04-18
132,106,2.0,2026-01-30
133,101,2.0,2026-01-29
134,106,5.0,2026-02-21
135,108,3.0,2026-04-14
136,104,5.0,2026-01-28
137,107,5.0,2026-03-24
138,101,2.0,2026-01-21
139,104,2.0,2026-04-08
140,105,5.0,2026-01-04
141,110,4.0,fecha_invalida
142,103,2.0,2026-01-10
143,103,4.0,2026-02-05
144,105,3.0,2026-02-01
145,110,5.0,2026-05-30
146,109,2.0,2026-01-10
147,101,5.0,2026-03-19
148,103,5.0,2026-04-17
149,109,1.0,2026-04-03
150,101,1.0,2026-05-03
151,109,,2026-05-25
152,103,1.0,2026-03-12
153,110,2.0,2026-05-30
154,103,3.0,2026-02-27
155,105,5.0,2026-06-27
156,107,5.0,2026-04-01
157,102,1.0,2026-05-13
158,106,5.0,2026-06-07
159,106,1.0,2026-05-23
160,108,4.0,2026-06-03
161,110,5.0,2026-04-07
162,107,5.0,2026-01-08
163,105,2.0,2026-03-30
164,105,5.0,2026-02-02
165,105,1.0,2026-06-10
166,109,3.0,2026-02-12
167,104,3.0,2026-02-11
168,102,2.0,2026-02-14
169,104,1.0,2026-04-26
170,101,4.0,2026-04-13
171,102,2.0,2026-06-20
172,101,4.0,2026-03-16
173,108,3.0,2026-02-20
174,108,2.0,2026-01-09
175,107,5.0,2026-01-02
176,105,1.0,2026-03-09
177,108,4.0,2026-06-16
178,102,4.0,2026-04-05
179,110,2.0,2026-06-10
180,106,2.0,2026-01-19
181,110,1.0,2026-01-17
182,102,5.0,2026-05-31
183,105,5.0,2026-01-20
184,107,2.0,2026-01-10
185,105,1.0,2026-03-14
186,105,1.0,2026-06-16
187,102,1.0,2026-05-05
188,104,5.0,2026-01-18
189,103,5.0,2026-05-31
190,104,1.0,2026-06-01
191,107,4.0,2026-05-25
192,107,1.0,2026-06-12
193,107,2.0,2026-02-13
194,104,3.0,2026-06-26
195,110,4.0,2026-02-27
196,101,5.0,2026-05-25
197,104,1.0,2026-04-15
198,102,1.0,2026-05-21
199,104,2.0,2026-04-24
200,110,2.0,2026-04-26
4,105,4.0,2026-06-24
51,108,1.0,2026-06-22
